<?xml version="1.0" encoding="UTF-8"?>
<project-private xmlns="http://www.netbeans.org/ns/project-private/1">
    <editor-bookmarks xmlns="http://www.netbeans.org/ns/editor-bookmarks/2" lastBookmarkId="0"/>
    <open-files xmlns="http://www.netbeans.org/ns/projectui-open-files/2">
        <group>
            <file>file:/C:/Users/fayhj/Documents/NetBeansProjects/TraitementImageAudio/src/new.xml</file>
            <file>file:/C:/Users/fayhj/Documents/NetBeansProjects/TraitementImageAudio/src/TNI.java</file>
            <file>file:/C:/Users/fayhj/Documents/NetBeansProjects/TraitementImageAudio/src/hello.gram</file>
        </group>
    </open-files>
</project-private>
